{"stats":{"minecraft:picked_up":{"minecraft:stick":2,"dummmmmmy:target_dummy":2,"born_in_chaos_v1:ethereal_spirit":1,"minecraft:hay_block":1,"minecraft:spruce_sign":5},"minecraft:killed":{"born_in_chaos_v1:pumpkin_spirit":1},"minecraft:used":{"irons_spellbooks:alchemist_cauldron":2,"wom:agony":15,"dummmmmmy:target_dummy":5,"beautify:lamp_candelabra":4,"minecraft:stone_brick_slab":2,"supplementaries:pedestal":1,"minecraft:netherite_sword":7,"minecraft:flint_and_steel":2,"minecraft:grass_block":1,"minecraft:stone":1,"supplementaries:goblet":1,"minecraft:stone_brick_stairs":6,"minecraft:stone_bricks":56,"easy_npc:villager_spawn_egg":8,"born_in_chaos_v1:pumpkin_spirit_spawn_egg":1,"minecraft:dirt":72,"wom:antitheus":23,"handcrafted:spruce_dining_bench":40,"minecraft:white_banner":2,"the_bumblezone:super_candle_white":1,"refurbished_furniture:black_sofa":5,"handcrafted:spruce_side_table":3,"minecraft:stone_brick_wall":4,"minecraft:spruce_fence":7,"minecraft:oak_hanging_sign":14},"minecraft:custom":{"minecraft:time_since_rest":90546,"minecraft:sprint_one_cm":75799,"minecraft:walk_one_cm":59788,"minecraft:damage_taken":210,"minecraft:mob_kills":1,"minecraft:damage_dealt":599,"minecraft:fly_one_cm":2950352,"minecraft:crouch_one_cm":926,"minecraft:play_time":90546,"minecraft:sneak_time":2668,"minecraft:walk_under_water_one_cm":3749,"minecraft:interact_with_lectern":2,"minecraft:jump":164,"minecraft:time_since_death":90546,"minecraft:walk_on_water_one_cm":955,"minecraft:leave_game":4,"minecraft:total_world_time":90546,"minecraft:fall_one_cm":5962}},"DataVersion":3465}