{"stats":{"minecraft:used":{"minecraft:stone_bricks":48,"irons_spellbooks:alchemist_cauldron":2,"dummmmmmy:target_dummy":5,"wom:agony":15,"beautify:lamp_candelabra":4,"supplementaries:pedestal":1,"minecraft:netherite_sword":7,"minecraft:dirt":72,"wom:antitheus":23,"minecraft:flint_and_steel":2,"minecraft:grass_block":1,"handcrafted:spruce_dining_bench":40,"minecraft:white_banner":2,"the_bumblezone:super_candle_white":1,"refurbished_furniture:black_sofa":5,"handcrafted:spruce_side_table":3,"minecraft:stone":1,"minecraft:stone_brick_wall":4,"minecraft:oak_hanging_sign":14,"minecraft:spruce_fence":7,"minecraft:stone_brick_stairs":5,"easy_npc:villager_spawn_egg":8,"supplementaries:goblet":1,"born_in_chaos_v1:pumpkin_spirit_spawn_egg":1},"minecraft:picked_up":{"born_in_chaos_v1:ethereal_spirit":1,"dummmmmmy:target_dummy":2,"minecraft:hay_block":1,"minecraft:spruce_sign":5,"minecraft:stick":2},"minecraft:killed":{"born_in_chaos_v1:pumpkin_spirit":1},"minecraft:custom":{"minecraft:time_since_rest":80033,"minecraft:crouch_one_cm":926,"minecraft:sprint_one_cm":71898,"minecraft:play_time":80033,"minecraft:damage_taken":210,"minecraft:walk_one_cm":58469,"minecraft:sneak_time":2238,"minecraft:walk_under_water_one_cm":3749,"minecraft:mob_kills":1,"minecraft:interact_with_lectern":2,"minecraft:jump":156,"minecraft:damage_dealt":599,"minecraft:walk_on_water_one_cm":955,"minecraft:leave_game":3,"minecraft:time_since_death":80033,"minecraft:total_world_time":80033,"minecraft:fall_one_cm":3111,"minecraft:fly_one_cm":2384193}},"DataVersion":3465}