{"stats":{"minecraft:used":{"wom:agony":15,"dummmmmmy:target_dummy":5,"minecraft:dirt":69,"wom:antitheus":23,"handcrafted:spruce_dining_bench":2},"minecraft:custom":{"minecraft:jump":51,"minecraft:time_since_rest":18049,"minecraft:damage_dealt":0,"minecraft:crouch_one_cm":16,"minecraft:sprint_one_cm":16498,"minecraft:leave_game":1,"minecraft:play_time":18049,"minecraft:damage_taken":170,"minecraft:time_since_death":18049,"minecraft:walk_one_cm":20095,"minecraft:sneak_time":546,"minecraft:total_world_time":18049,"minecraft:fall_one_cm":2452,"minecraft:fly_one_cm":707503},"minecraft:picked_up":{"dummmmmmy:target_dummy":2}},"DataVersion":3465}