{"stats":{"minecraft:used":{"irons_spellbooks:alchemist_cauldron":2,"minecraft:stone_bricks":8,"dummmmmmy:target_dummy":5,"wom:agony":15,"supplementaries:pedestal":1,"beautify:lamp_candelabra":4,"minecraft:dirt":69,"wom:antitheus":23,"minecraft:flint_and_steel":2,"handcrafted:spruce_dining_bench":40,"minecraft:white_banner":2,"the_bumblezone:super_candle_white":1,"handcrafted:spruce_side_table":3,"supplementaries:goblet":1},"minecraft:custom":{"minecraft:time_since_rest":35154,"minecraft:crouch_one_cm":202,"minecraft:play_time":35154,"minecraft:sprint_one_cm":24400,"minecraft:damage_taken":170,"minecraft:walk_one_cm":28789,"minecraft:sneak_time":1004,"minecraft:jump":82,"minecraft:damage_dealt":0,"minecraft:leave_game":2,"minecraft:time_since_death":35154,"minecraft:total_world_time":35154,"minecraft:fall_one_cm":2452,"minecraft:fly_one_cm":1098415},"minecraft:picked_up":{"dummmmmmy:target_dummy":2,"minecraft:spruce_sign":5}},"DataVersion":3465}