{"stats":{"minecraft:mined":{"minecraft:grass_block":168,"minecraft:dirt_path":1523,"minecraft:player_head":1,"minecraft:dirt":248,"minecraft:stone":273,"minecraft:coal_ore":8},"minecraft:killed":{"irons_spellbooks:priest":1,"minecraft:cow":4,"minecraft:villager":16},"minecraft:dropped":{"bakery:bundt_cake":96,"farmersdelight:hamburger":96,"farmersdelight:noodle_soup":16,"minecraft:brown_mushroom":64,"cataclysm:ender_golem_spawn_egg":1,"bakery:sweetberry_glazed_cookie":96,"minecraft:emerald_ore":1,"cataclysm:ignis_spawn_egg":1,"minecraft:diamond":1280,"minecraft:spore_blossom":64,"minecraft:crafting_table":1,"minecraft:orange_tulip":128,"cataclysm:mech_eye":1,"bakery:misslilitu_biscuit":96,"minecraft:lantern":1,"farmersdelight:mutton_wrap":96,"bakery:sandwich":64,"bakery:chocolate_cake":127,"farmersdelight:stuffed_potato":96,"minecraft:red_mushroom":64,"cataclysm:kobolediator_spawn_egg":1,"cataclysm:modern_remnant_spawn_egg":1,"minecraft:dirt":2,"minecraft:grass":1,"bakery:cornet":96,"bakery:toast":96,"call_of_yucutan:chili_pepper":1,"minecraft:cornflower":129,"cataclysm:the_leviathan_spawn_egg":1,"bakery:linzer_tart":96,"bakery:apple_pie":96,"minecraft:sunflower":64,"bakery:jam_roll":96,"bakery:bread":96,"ribbits:toadstool":1,"minecraft:iron_pickaxe":1,"farmersdelight:egg_sandwich":96,"bakery:croissant":96,"farmersdelight:pumpkin_soup":16,"minecraft:gold_ingot":512,"redeco:jungle_plank_fence":1,"minecraft:gravel":1,"minecraft:white_tulip":128,"minecraft:purpur_block":64,"redeco:oak_plank_fence":1,"farmersdelight:hot_cocoa":16,"farmersdelight:vegetable_noodles":32,"minecraft:diamond_shovel":1,"minecraft:end_stone":64,"portablemobs:master_capture_cell":8,"minecraft:azure_bluet":128,"cataclysm:ender_guardian_spawn_egg":1,"minecraft:poppy":128,"bakery:glowberry_tart":96,"cataclysm:monstrous_eye":1,"minecraft:quartz_block":64,"minecraft:glowstone":64,"minecraft:stone_brick_wall":1,"farmersdelight:mixed_salad":16,"minecraft:azalea":128,"minecraft:chest":1,"farmersdelight:bacon_and_eggs":16,"cataclysm:void_eye":1,"minecraft:glass":64,"bakery:sweetberry_cake":127,"bakery:vegetable_sandwich":64,"minecraft:enchanted_book":6,"bakery:chocolate_tart":96,"bakery:baguette":96,"minecraft:lilac":64,"minecraft:copper_block":64,"bakery:strawberry_cake":127,"minecraft:dripstone_block":64,"farmersdelight:bacon_sandwich":96,"minecraft:cobblestone":1,"minecraft:amethyst_block":64,"bakery:sweetberry_cupcake":96,"cataclysm:burning_ashes":1,"minecraft:grass_block":7,"bakery:strawberry_glazed_cookie":96,"minecraft:stick":1,"farmersdelight:fried_rice":16,"minecraft:oxeye_daisy":128,"irons_spellbooks:scroll":85,"bakery:pudding":96,"bakery:apple_cupcake":96,"minecraft:rose_bush":64,"minecraft:flowering_azalea":128,"minecraft:dandelion":128,"refurbished_furniture:oak_hedge":1,"minecraft:pink_tulip":128,"farmersdelight:melon_juice":16,"farmersdelight:pasta_with_meatballs":16,"minecraft:bricks":64,"bakery:braided_bread":96,"cataclysm:flame_eye":1,"bakery:chocolate_glazed_cookie":96,"minecraft:netherite_ingot":64,"bakery:strawberry_cupcake":96,"farmersdelight:fruit_salad":16,"cataclysm:desert_eye":1,"bakery:waffle":96,"farmersdelight:chicken_sandwich":96,"minecraft:lily_of_the_valley":128,"cataclysm:abyss_eye":1,"easy_npc:humanoid_spawn_egg":1,"minecraft:shroomlight":64,"minecraft:stone":64,"cataclysm:abyssal_sacrifice":1,"minecraft:allium":128,"minecraft:peony":64,"farmersdelight:chicken_soup":16,"cataclysm:wadjet_spawn_egg":1,"minecraft:stone_bricks":3,"minecraft:brown_carpet":1,"bakery:crusty_bread":96,"minecraft:blue_orchid":128,"cataclysm:netherite_monstrosity_spawn_egg":1,"minecraft:red_tulip":192,"cataclysm:the_harbinger_spawn_egg":1,"farmersdelight:apple_cider":16,"minecraft:calcite":64,"minecraft:magma_block":64,"vanillaplustools:diamond_shovel":1},"minecraft:custom":{"minecraft:interact_with_crafting_table":1,"minecraft:open_barrel":9,"minecraft:bell_ring":1,"minecraft:leave_game":18,"minecraft:time_since_death":4908,"minecraft:sprint_one_cm":1166749,"minecraft:drop":305,"minecraft:talked_to_villager":10,"minecraft:play_time":2044637,"minecraft:deaths":1,"minecraft:jump":2846,"minecraft:walk_on_water_one_cm":21939,"minecraft:sleep_in_bed":4,"minecraft:waystone_activated":2,"minecraft:damage_dealt":171,"the_bumblezone:honey_bee_leggings_flower_pollen":5,"minecraft:crouch_one_cm":44784,"minecraft:mob_kills":26,"minecraft:interact_with_anvil":2,"minecraft:inspect_hopper":3,"the_bumblezone:carpenter_bee_boots_wall_hang_time":1256,"minecraft:fill_cauldron":1,"minecraft:climb_one_cm":1732,"minecraft:walk_one_cm":1826418,"minecraft:sneak_time":315805,"minecraft:walk_under_water_one_cm":4135,"the_bumblezone:bumble_bee_chestplate_fly_time":2864,"minecraft:total_world_time":2044637,"minecraft:time_since_rest":4939,"minecraft:swim_one_cm":2958,"minecraft:fly_one_cm":6902176,"minecraft:open_chest":18,"minecraft:aviate_one_cm":18460},"minecraft:picked_up":{"irons_spellbooks:scroll":41,"cataclysm:ender_golem_spawn_egg":1,"minecraft:wheat":2,"minecraft:creeper_head":1,"bakery:sweetberry_glazed_cookie":64,"minecraft:oak_stairs":30,"minecraft:potion":1,"minecraft:enchanted_book":6,"cataclysm:abyss_eye":1,"minecraft:amethyst_block":64,"irons_spellbooks:cast_time_ring":1,"minecraft:dark_oak_trapdoor":5,"bakery:linzer_tart":64,"minecraft:netherite_ingot":64,"minecraft:shroomlight":64,"minecraft:oak_sign":2,"irons_spellbooks:arcane_essence":1,"farmersdelight:fried_rice":16,"farmersdelight:vegetable_noodles":16,"minecraft:white_tulip":133,"minecraft:calcite":64,"minecraft:rose_bush":70,"minecraft:written_book":18,"farmersdelight:pumpkin_soup":16,"minecraft:azalea":128,"farmersdelight:pasta_with_meatballs":16,"irons_spellbooks:inscription_table":1,"minecraft:stick":2,"bakery:braided_bread":64,"minecraft:oak_fence":11,"minecraft:torch":22,"bakery:toast":64,"bakery:crusty_bread":64,"cataclysm:burning_ashes":1,"minecraft:pointed_dripstone":1,"minecraft:brown_carpet":1,"minecraft:quartz_block":64,"bakery:pudding":64,"minecraft:red_tulip":203,"minecraft:carved_pumpkin":1,"minecraft:glowstone":64,"bakery:waffle":64,"farmersdelight:melon_juice":16,"minecraft:cobblestone":206,"farmersdelight:mixed_salad":16,"bakery:sandwich":64,"minecraft:magma_block":64,"bakery:strawberry_cake":64,"minecraft:lilac":64,"minecraft:copper_block":64,"minecraft:potato":11,"bakery:bread":64,"farmersdelight:chicken_sandwich":64,"minecraft:dirt":1639,"cataclysm:kobolediator_spawn_egg":1,"minecraft:lantern":9,"minecraft:glass":64,"minecraft:bow":5,"minecraft:orange_tulip":130,"minecraft:wheat_seeds":13,"minecraft:bell":1,"farmersdelight:egg_sandwich":64,"minecraft:rabbit":4,"camera:image":2,"minecraft:oak_planks":17,"bakery:chocolate_glazed_cookie":64,"bakery:chocolate_cake":64,"cataclysm:ender_guardian_spawn_egg":1,"minecraft:oak_pressure_plate":2,"minecraft:lily_of_the_valley":65,"bakery:vegetable_sandwich":64,"minecraft:yellow_carpet":6,"minecraft:diamond":1280,"irons_spellbooks:divine_pearl":5,"cataclysm:mech_eye":1,"minecraft:lever":12,"chimes:carved_bamboo_chimes":1,"minecraft:spruce_button":4,"minecraft:spruce_sign":8,"minecraft:emerald":2,"minecraft:bread":7,"minecraft:oak_sapling":4,"minecraft:chorus_fruit":5,"irons_spellbooks:uncommon_ink":1,"minecraft:bricks":64,"cataclysm:modern_remnant_spawn_egg":1,"minecraft:allium":129,"minecraft:azure_bluet":130,"minecraft:ladder":14,"cataclysm:the_leviathan_spawn_egg":1,"vinery:creepers_crush":1,"cataclysm:monstrous_eye":1,"minecraft:brown_mushroom":64,"minecraft:stone_brick_wall":9,"bakery:strawberry_glazed_cookie":64,"farmersdelight:chicken_soup":16,"bakery:sweetberry_cake":64,"minecraft:purpur_block":64,"farmersdelight:mutton_wrap":64,"minecraft:cornflower":130,"minecraft:oak_trapdoor":3,"camera:image_frame":1,"minecraft:item_frame":16,"minecraft:white_carpet":2,"minecraft:blue_orchid":128,"vinery:apple_tree_sapling":1,"minecraft:beef":5,"bakery:misslilitu_biscuit":65,"minecraft:player_head":1,"cataclysm:abyssal_sacrifice":1,"farmersdelight:noodle_soup":16,"minecraft:poppy":134,"minecraft:lectern":1,"minecraft:chest":1,"minecraft:spruce_trapdoor":1,"minecraft:end_stone":64,"bakery:croissant":64,"minecraft:stone":64,"bakery:strawberry_cupcake":64,"minecraft:oak_door":4,"redeco:oak_sword_mount":1,"farmersdelight:tomato_seeds":5,"minecraft:stone_button":42,"minecraft:carrot":4,"bakery:apple_pie":64,"furniture:coffer":1,"minecraft:peony":64,"cataclysm:ignis_spawn_egg":1,"handcrafted:fancy_painting":1,"minecraft:hay_block":7,"farmersdelight:hamburger":64,"minecraft:pink_tulip":128,"farmersdelight:bacon_sandwich":64,"bakery:apple_cupcake":64,"minecraft:gold_ingot":512,"minecraft:mutton":2,"minecraft:oxeye_daisy":133,"fairylights:hanging_lights":2,"minecraft:leather":1,"minecraft:red_mushroom":70,"bakery:cornet":64,"bakery:chocolate_tart":64,"minecraft:oak_log":46,"bakery:sweetberry_cupcake":64,"minecraft:yellow_bed":1,"minecraft:paper":4,"cataclysm:the_harbinger_spawn_egg":1,"irons_spellbooks:common_ink":1,"minecraft:apple":11,"minecraft:stone_bricks":21,"bakery:bundt_cake":64,"minecraft:spore_blossom":64,"bakery:glowberry_tart":64,"farmersdelight:apple_cider":16,"farmersdelight:fruit_salad":16,"cataclysm:wadjet_spawn_egg":1,"bakery:jam_roll":64,"minecraft:flowering_azalea":128,"farmersdelight:hot_cocoa":17,"minecraft:scaffolding":1,"minecraft:oak_slab":23,"minecraft:dandelion":140,"minecraft:dripstone_block":64,"cataclysm:desert_eye":1,"minecraft:white_bed":1,"cataclysm:netherite_monstrosity_spawn_egg":1,"cataclysm:flame_eye":1,"farmersdelight:bacon_and_eggs":16,"cataclysm:void_eye":1,"minecraft:pumpkin_seeds":3,"farmersdelight:stuffed_potato":64,"the_bumblezone:pollen_puff":6,"bakery:baguette":64,"minecraft:coal":5,"minecraft:sunflower":66},"minecraft:used":{"minecraft:peony":13,"mcwfurnitures:jungle_glass_table":5,"minecraft:moss_block":96,"minecraft:cherry_sapling":42,"minecraft:moss_carpet":12,"minecraft:writable_book":2,"beautify:acacia_trellis":28,"refurbished_furniture:spruce_drawer":9,"stalwart_dungeons:awful_ghast_spawn_egg":1,"mcwfurnitures:oak_counter":6,"alexscaves:spawn_egg_tremorzilla":1,"mcwfurnitures:jungle_double_kitchen_cabinet":8,"minecraft:chest":3,"fairylights:hanging_lights":12,"minecraft:spruce_slab":27,"redeco:oak_crate":9,"farmersdelight:cabbage_seeds":23,"minecraft:polished_basalt":51,"refurbished_furniture:cherry_hedge":25,"minecraft:axolotl_spawn_egg":5,"redeco:spruce_shelf":4,"mcwfurnitures:spruce_counter":5,"minecraft:stone":1912,"minecraft:stripped_jungle_wood":5,"minecraft:creeper_head":2,"minecraft:bell":1,"minecraft:red_nether_brick_stairs":73,"minecraft:grass":1,"handcrafted:jungle_dining_bench":6,"minecraft:player_head":28,"minecraft:farmland":14,"call_of_yucutan:jades_helmet":1,"handcrafted:stackable_book":23,"mcwfurnitures:jungle_bookshelf":26,"handcrafted:white_glazed_thick_pot":3,"ribbits:toadstool":11,"farmersdelight:rich_soil_farmland":24,"mowziesmobs:wroughtnaut_spawn_egg":1,"redeco:glowberry_terrarium":1,"mcwwindows:jungle_window":72,"vinery:creepers_crush":1,"farmersdelight:wild_onions":4,"minecraft:deepslate_brick_slab":126,"easy_npc:humanoid_spawn_egg":8,"minecraft:weeping_vines":19,"furniture:bin":15,"mcwwindows:red_mosaic_glass":16,"minecraft:obsidian":5,"minecraft:big_dripleaf":3,"minecraft:frog_spawn_egg":3,"redeco:mangrove_terrarium":4,"minecraft:glass":94,"redeco:deepslate_lantern":6,"minecraft:honey_block":9,"minecraft:lava_bucket":20,"minecraft:mangrove_stairs":303,"minecraft:red_wool":72,"minecraft:spruce_wood":27,"minecraft:lantern":8,"minecraft:grass_block":2173,"mcwwindows:jungle_window2":18,"farmersdelight:wild_cabbages":4,"minecraft:dark_oak_slab":25,"minecraft:mossy_cobblestone_slab":36,"minecraft:cherry_leaves":5,"furniture:pells":3,"minecraft:stone_brick_stairs":1141,"minecraft:stone_bricks":2133,"minecraft:item_frame":26,"minecraft:honeycomb_block":27,"refurbished_furniture:oak_crate":4,"refurbished_furniture:stone_stepping_stones":4,"minecraft:red_carpet":10,"biomesoplenty:yellow_autumn_leaves":29,"minecraft:magma_block":5,"ribbits:ribbit_merchant_spawn_egg":2,"minecraft:sweet_berries":2,"minecraft:written_book":2,"minecraft:mangrove_roots":18,"minecraft:mangrove_slab":83,"farmersdelight:safety_net":1,"biomesoplenty:white_sandstone":133,"refurbished_furniture:oak_hedge":471,"minecraft:skeleton_skull":1,"redeco:pink_paper_lantern":3,"furniture:explorers_box":1,"minecraft:dark_prismarine_stairs":493,"minecraft:stripped_spruce_wood":218,"minecraft:mangrove_leaves":14,"minecraft:dark_oak_stairs":165,"minecraft:bamboo_trapdoor":27,"minecraft:mossy_stone_bricks":42,"minecraft:cow_spawn_egg":5,"minecraft:spruce_door":2,"minecraft:birch_wood":10,"minecraft:mangrove_planks":250,"minecraft:oak_planks":85,"redeco:bamboo_display_case":6,"minecraft:blackstone":28,"minecraft:fox_spawn_egg":3,"beautify:hanging_pot":22,"beautify:botanist_workbench":1,"minecraft:composter":5,"furniture:tool_box":1,"redeco:crimson_display_case":5,"beautify:lamp_bamboo":8,"farmersdelight:organic_compost":1,"minecraft:oak_leaves":11,"minecraft:bamboo_stairs":63,"minecraft:white_wool":51,"minecraft:glow_berries":43,"furniture:sewing_kit":2,"redeco:mossy_cobblestone_stepping_stones":5,"redeco:white_awning":6,"biomesoplenty:magic_planks":168,"minecraft:stone_brick_wall":52,"minecraft:end_stone":305,"minecraft:shears":20,"redeco:spyglass_stand":2,"refurbished_furniture:oak_lattice_fence_gate":3,"minecraft:birch_fence":3,"vinery:stal_wine":1,"minecraft:lever":15,"easy_npc:cat_spawn_egg":1,"minecraft:crying_obsidian":73,"bakery:wall_cabinet":6,"minecraft:nether_sprouts":4,"vinery:flower_pot_big":2,"minecraft:cyan_bed":1,"refurbished_furniture:spruce_table":22,"beautify:lamp_jar":3,"minecraft:flowering_azalea_leaves":108,"easy_npc:fairy_spawn_egg":1,"handcrafted:spruce_shelf":4,"handcrafted:terracotta_thick_pot":2,"minecraft:nether_wart_block":21,"bakery:brick_counter":7,"redeco:pink_petals_terrarium":2,"biomesoplenty:magic_stairs":26,"minecraft:stripped_oak_wood":173,"farmersdelight:wild_tomatoes":8,"minecraft:andesite":531,"furniture:oak_bench":22,"minecraft:chain":2,"redeco:jungle_counter":42,"farmersdelight:red_mushroom_colony":1,"handcrafted:creeper_trophy":2,"minecraft:chorus_plant":27,"minecraft:white_concrete":98,"minecraft:bone_meal":652,"ribbits:swamp_lantern":3,"minecraft:oak_fence":98,"handcrafted:witch_trophy":2,"furniture:curtain_red":6,"minecraft:oak_trapdoor":11,"handcrafted:terracotta_thin_pot":2,"mcwfurnitures:jungle_bookshelf_drawer":4,"minecraft:purpur_block":25,"camera:image_frame":5,"minecraft:iron_bars":1,"vanillaplustools:diamond_shovel":72,"minecraft:polished_blackstone_brick_slab":10,"handcrafted:spruce_nightstand":2,"handcrafted:fancy_painting":46,"minecraft:cracked_deepslate_bricks":13,"minecraft:armor_stand":8,"minecraft:stone_shovel":16,"stalwart_dungeons:propulk_spawn_egg":7,"minecraft:spruce_planks":162,"redeco:oak_chair":3,"minecraft:stripped_birch_wood":46,"minecraft:netherrack":182,"refurbished_furniture:oak_lattice_fence":68,"minecraft:oak_door":1,"handcrafted:salmon_trophy":1,"minecraft:dragon_egg":1,"waterframes:tv":1,"ribbits:mossy_oak_planks":4,"minecraft:dirt":49,"minecraft:anvil":4,"minecraft:ancient_debris":5,"easy_npc:humanoid_slim_spawn_egg":28,"redeco:stone_lantern":5,"minecraft:white_carpet":4,"ribbits:ribbit_gardener_spawn_egg":5,"minecraft:hopper":2,"minecraft:chorus_flower":6,"minecraft:crimson_hyphae":12,"minecraft:spruce_stairs":42,"ribbits:toadstool_stem":11,"vinery:basket":1,"minecraft:stone_stairs":18,"minecraft:bee_nest":5,"redeco:spruce_sword_mount":4,"minecraft:salmon_bucket":6,"minecraft:oak_wood":30,"redeco:stone_stepping_stones":22,"minecraft:dead_brain_coral_block":955,"minecraft:spruce_fence":116,"redeco:mangrove_counter":25,"minecraft:mud_brick_stairs":29,"minecraft:oak_fence_gate":62,"minecraft:shroomlight":5,"biomesoplenty:magic_slab":52,"minecraft:birch_door":2,"minecraft:mossy_cobblestone_stairs":8,"minecraft:dark_oak_planks":3,"refurbished_furniture:recycle_bin":2,"minecraft:flowering_azalea":21,"furniture:iron_fish_tank":1,"redeco:jungle_plank_fence":3,"mcwwindows:jungle_four_window":4,"minecraft:bookshelf":7,"ribbits:umbrella_leaf":37,"minecraft:muddy_mangrove_roots":6,"minecraft:oak_stairs":14,"mcwwindows:spruce_window":107,"slashblade:slashblade":7,"furniture:cash_register":1,"minecraft:polished_blackstone_brick_stairs":272,"handcrafted:terracotta_wide_pot":1,"bakery:misslilitu_biscuit":1,"farmersdelight:cabbage_crate":9,"minecraft:mud_bricks":11,"minecraft:barrel":30,"farmersdelight:canvas_rug":18,"redeco:brown_sofa":10,"minecraft:bamboo":26,"minecraft:basalt":60,"furniture:spruce_clock":1,"torchmaster:feral_flare_lantern":34,"handcrafted:oak_dining_bench":6,"minecraft:white_stained_glass_pane":4,"chimes:amethyst_chimes":2,"chimes:bamboo_chimes":2,"torchmaster:megatorch":19,"ribbits:swamp_daisy":13,"minecraft:cherry_fence":14,"minecraft:pointed_dripstone":7,"minecraft:bamboo_planks":16,"redeco:sculk_terrarium":1,"redeco:oak_sword_mount":10,"minecraft:calcite":329,"redeco:oak_display_case":4,"minecraft:wheat_seeds":27,"biomesoplenty:maple_leaves":32,"minecraft:water_bucket":269,"redeco:red_awning":10,"minecraft:dirt_path":266,"minecraft:amethyst_block":43,"vinery:window":114,"ribbits:ribbit_fisherman_spawn_egg":4,"ribbits:ribbit_sorcerer_spawn_egg":3,"furniture:display":14,"ribbits:ribbit_nitwit_spawn_egg":15,"minecraft:cauldron":1,"minecraft:spruce_fence_gate":107,"mcwwindows:crimson_stem_four_window":18,"minecraft:cobblestone_slab":2,"vinery:mellohi_wine":1,"minecraft:deepslate_bricks":13,"minecraft:cracked_stone_bricks":40,"farmersdelight:canvas_sign":11,"minecraft:polished_blackstone_bricks":2,"minecraft:gilded_blackstone":7,"minecraft:glow_item_frame":32,"minecraft:mossy_cobblestone":263,"farmersdelight:wild_carrots":4,"minecraft:dark_prismarine_slab":27,"minecraft:oak_slab":28,"minecraft:crafting_table":1,"furniture:coffer":1,"handcrafted:spruce_pillar_trim":7,"refurbished_furniture:oak_light_ceiling_fan":9,"minecraft:white_bed":3,"minecraft:campfire":28,"minecraft:dark_oak_fence_gate":9,"redeco:crimson_fungus_terrarium":2,"minecraft:piglin_head":1,"alexscaves:beholder":3,"minecraft:spruce_log":382,"minecraft:nether_gold_ore":27,"minecraft:oak_log":33,"minecraft:mud":50,"minecraft:piston":16,"minecraft:dark_prismarine":224,"redeco:spruce_display_case":4,"minecraft:diamond_shovel":167,"mcwwindows:acacia_window":2,"redeco:dark_oak_table":6,"alexscaves:peering_coprolith":1,"minecraft:sunflower":1,"redeco:spruce_pedestal":8,"waystones:mossy_waystone":2,"beautify:bookstack":3,"minecraft:spruce_trapdoor":63,"refurbished_furniture:light_electricity_generator":1,"minecraft:budding_amethyst":2,"ribbits:red_toadstool":266,"chimes:carved_bamboo_chimes":2,"minecraft:crimson_nylium":48,"minecraft:pink_petals":73,"ribbits:mossy_oak_door":1,"mcwfurnitures:jungle_double_wardrobe":2,"minecraft:crimson_fungus":3,"minecraft:cobblestone":68,"redeco:spruce_bench":2,"minecraft:end_crystal":3,"minecraft:white_banner":5,"minecraft:red_banner":21,"redeco:oak_cabinet_counter":9,"call_of_yucutan:monkey_helmet":1,"minecraft:stripped_oak_log":43,"vinery:apple_tree_sapling":20,"refurbished_furniture:spruce_lattice_fence_gate":4,"stalwart_dungeons:shelterer_spawn_egg":3,"call_of_yucutan:chaac_spawn_egg":1,"redeco:oak_pedestal":6,"minecraft:smooth_stone":70,"handcrafted:evoker_trophy":3}},"DataVersion":3465}